{"cameraMode":{"drawMode":0,"name":"Shaded","section":"Shading Mode"},"sceneLighting":false,"audioPlay":false,"sceneViewState":{"m_AlwaysRefresh":false,"showFog":true,"showSkybox":true,"showFlares":true,"showImageEffects":true,"showParticleSystems":true,"showVisualEffectGraphs":true,"m_FxEnabled":true},"in2DMode":false,"pivot":{"x":-0.057832587510347369,"y":-1.1743777990341187,"z":-5.307038307189941},"rotation":{"x":0.000004816291038878262,"y":-0.9997867345809937,"z":0.00030959988362155855,"w":-0.02157673053443432},"size":1.977367639541626,"orthographic":false}