{"cameraMode":{"drawMode":0,"name":"Shaded","section":"Shading Mode"},"sceneLighting":false,"audioPlay":false,"sceneViewState":{"m_AlwaysRefresh":false,"showFog":true,"showSkybox":true,"showFlares":true,"showImageEffects":true,"showParticleSystems":true,"showVisualEffectGraphs":true,"m_FxEnabled":true},"in2DMode":false,"pivot":{"x":-0.15525628626346589,"y":-0.12897713482379914,"z":0.2683170735836029},"rotation":{"x":0.002721995348110795,"y":-0.982057511806488,"z":0.18816596269607545,"w":0.014162298291921616},"size":2.380739212036133,"orthographic":false}