{"cameraMode":{"drawMode":0,"name":"Shaded","section":"Shading Mode"},"sceneLighting":false,"audioPlay":false,"sceneViewState":{"m_AlwaysRefresh":false,"showFog":true,"showSkybox":true,"showFlares":true,"showImageEffects":true,"showParticleSystems":true,"showVisualEffectGraphs":true,"m_FxEnabled":true},"in2DMode":false,"pivot":{"x":0.06522547453641892,"y":-1.8777600526809693,"z":0.8914213180541992},"rotation":{"x":0.004345729015767574,"y":-0.9732176065444946,"z":0.2292170226573944,"w":0.01841520331799984},"size":2.0027337074279787,"orthographic":false}